{"total_parameters": 2690, "trainable_parameters": 2690, "flops": 13944064, "macs": 6972032, "avg_inference_time_ms": 1.9524639129638672, "max_memory_mb": 42.08349609375}