{"total_parameters": 2946, "trainable_parameters": 2946, "flops": 2255616, "macs": 1127808, "avg_inference_time_ms": 1.9372064590454101, "max_memory_mb": 21.63330078125}