{"total_parameters": 434, "trainable_parameters": 434, "flops": 1877724, "macs": 938862, "avg_inference_time_ms": 0.734822416305542, "max_memory_mb": 43.15966796875}