{"ET": {"avg_test_acc": 0.7109666666666669, "std_test_acc": 0.007521007615709192, "avg_epoch_time": 0.03003602521765237, "std_epoch_time": 0.0035591530441157647}, "E!T": {"avg_test_acc": 0.7649000000000002, "std_test_acc": 0.017520178842314, "avg_epoch_time": 0.031007182228161026, "std_epoch_time": 0.004348803443712722}, "G!T": {"avg_test_acc": 0.7683333333333333, "std_test_acc": 0.020817193748331103, "avg_epoch_time": 0.048814339928521445, "std_epoch_time": 0.01142066774335272}, "GT": {"avg_test_acc": 0.78, "std_test_acc": 0.008}}