{"ET": {"avg_test_acc": 0.7775000000000001, "std_test_acc": 0.008437021591375327, "avg_epoch_time": 0.010396446998889688, "std_epoch_time": 0.003950030500140929}, "E!T": {"avg_test_acc": 0.7963333333333334, "std_test_acc": 0.013174048563579665, "avg_epoch_time": 0.010237810548691379, "std_epoch_time": 0.0015236638834877209}, "G!T": {"avg_test_acc": 0.7980666666666665, "std_test_acc": 0.08944269425478837, "avg_epoch_time": 0.010146059399992491, "std_epoch_time": 0.0011996918986134477}, "GT": {"avg_test_acc": 0.82, "std_test_acc": 0.007}}