{"ET": {"avg_test_acc": 0.6317333333333333, "std_test_acc": 0.013273867392570858, "avg_epoch_time": 0.06483696061450413, "std_epoch_time": 0.008570646686049708}, "E!T": {"avg_test_acc": 0.6663666666666667, "std_test_acc": 0.014180933992120864, "avg_epoch_time": 0.0489837398373984, "std_epoch_time": 0.019739283219072982}, "G!T": {"avg_test_acc": 0.6830666666666666, "std_test_acc": 0.04617425930344981, "avg_epoch_time": 0.03019345748124454, "std_epoch_time": 0.001377370326163513}, "GT": {"avg_test_acc": 0.704, "std_test_acc": 0.013}}