{"total_parameters": 36675, "trainable_parameters": 36675, "flops": 1464636904, "macs": 732318452, "avg_inference_time_ms": 1.6991231918334961, "max_memory_mb": 415.39208984375}