{"total_parameters": 36675, "trainable_parameters": 36675, "flops": 1458269320, "macs": 729134660, "avg_inference_time_ms": 2.928332710266113, "max_memory_mb": 481.73583984375}