{"total_parameters": 96647, "trainable_parameters": 96647, "flops": 530123496, "macs": 265061748, "avg_inference_time_ms": 0.960204792022705, "max_memory_mb": 154.48046875}