{"total_parameters": 241862, "trainable_parameters": 241862, "flops": 1632672018, "macs": 816336009, "avg_inference_time_ms": 2.4480768203735352, "max_memory_mb": 1058.22119140625}