{"total_parameters": 238597, "trainable_parameters": 238597, "flops": 1283684072, "macs": 641842036, "avg_inference_time_ms": 2.4766464233398438, "max_memory_mb": 415.39208984375}