{"total_parameters": 482950, "trainable_parameters": 482950, "flops": 3211805952, "macs": 1605902976, "avg_inference_time_ms": 2.324070358276367, "max_memory_mb": 1058.22119140625}