{"total_parameters": 72771, "trainable_parameters": 72771, "flops": 2859438208, "macs": 1429719104, "avg_inference_time_ms": 2.8733440399169923, "max_memory_mb": 481.73583984375}