{"res": {"avg_test_acc": 0.7741666666666666, "std_test_acc": 0.008430434284319067}, "!res": {"avg_test_acc": 0.78, "std_test_acc": 0.008}}