{"res": {"avg_test_acc": 0.6818333333333334, "std_test_acc": 0.012979684981625002}, "!res": {"avg_test_acc": 0.704, "std_test_acc": 0.013}}