{"res": {"avg_test_acc": 0.8045666666666667, "std_test_acc": 0.008167755029518331}, "!res": {"avg_test_acc": 0.82, "std_test_acc": 0.007}}