{"gcn": {"2": {"avg_test_acc": 0.7626000000000001, "std_test_acc": 0.006666333324999589, "avg_energies": 41.93300247192383, "std_energies": 1.340272150582482}, "4": {"avg_test_acc": 0.7636000000000001, "std_test_acc": 0.007472616676907768, "avg_energies": 85.05130538940429, "std_energies": 0.9932840312461683}, "6": {"avg_test_acc": 0.7704000000000001, "std_test_acc": 0.010489995233554693, "avg_energies": 140.47854919433593, "std_energies": 4.717700012123641}, "8": {"avg_test_acc": 0.7697, "std_test_acc": 0.0071561162651259435, "avg_energies": 203.3917251586914, "std_energies": 8.446954384556173}, "10": {"avg_test_acc": 0.7691999999999999, "std_test_acc": 0.010156771140475706, "avg_energies": 281.8379852294922, "std_energies": 7.3051063960042475}, "12": {"avg_test_acc": 0.7747999999999999, "std_test_acc": 0.010486181383134672, "avg_energies": 356.8871215820312, "std_energies": 13.620121068549798}, "14": {"avg_test_acc": 0.767, "std_test_acc": 0.012696456198483114, "avg_energies": 431.440380859375, "std_energies": 11.13481203113883}, "16": {"avg_test_acc": 0.7654, "std_test_acc": 0.006814690014960334, "avg_energies": 520.4615081787109, "std_energies": 22.55092268673466}, "18": {"avg_test_acc": 0.7676000000000001, "std_test_acc": 0.012885650934275704, "avg_energies": 619.5971252441407, "std_energies": 20.379607390338098}, "20": {"avg_test_acc": 0.777, "std_test_acc": 0.008752142594816433, "avg_energies": 689.6835021972656, "std_energies": 26.328643106706252}}, "gat": {"2": {"avg_test_acc": 0.7671, "std_test_acc": 0.011553787257864854, "avg_energies": 35.35016555786133, "std_energies": 1.5462736416307339}, "4": {"avg_test_acc": 0.7658, "std_test_acc": 0.00976524449258697, "avg_energies": 61.280443572998045, "std_energies": 1.2537753526016444}, "6": {"avg_test_acc": 0.7638, "std_test_acc": 0.011805083650698973, "avg_energies": 98.31326065063476, "std_energies": 5.6147883033221735}, "8": {"avg_test_acc": 0.7562, "std_test_acc": 0.017954386650621084, "avg_energies": 144.15709991455077, "std_energies": 7.798288254829801}, "10": {"avg_test_acc": 0.7522, "std_test_acc": 0.024107260317174185, "avg_energies": 183.07700805664064, "std_energies": 8.441281852931473}, "12": {"avg_test_acc": 0.7343, "std_test_acc": 0.030013496963866106, "avg_energies": 221.43331604003907, "std_energies": 13.177608088108654}, "14": {"avg_test_acc": 0.7081000000000001, "std_test_acc": 0.07864280005188015, "avg_energies": 253.54124603271484, "std_energies": 27.987334625407264}, "16": {"avg_test_acc": 0.6633, "std_test_acc": 0.074736938658203, "avg_energies": 270.36858520507815, "std_energies": 26.653999137312816}, "18": {"avg_test_acc": 0.6004, "std_test_acc": 0.10143983438472284, "avg_energies": 311.98995513916014, "std_energies": 51.1215341817335}, "20": {"avg_test_acc": 0.49670000000000003, "std_test_acc": 0.13278708521539284, "avg_energies": 265.7963119506836, "std_energies": 60.6606278069498}}, "sage": {"2": {"avg_test_acc": 0.7601, "std_test_acc": 0.010377379245262273, "avg_energies": 59.93842735290527, "std_energies": 2.157103525743015}, "4": {"avg_test_acc": 0.7476, "std_test_acc": 0.018757398540309382, "avg_energies": 105.0084228515625, "std_energies": 3.9975499736102478}, "6": {"avg_test_acc": 0.7549, "std_test_acc": 0.015833192981834096, "avg_energies": 145.95422821044923, "std_energies": 6.96786922448156}, "8": {"avg_test_acc": 0.7572, "std_test_acc": 0.017440183485273326, "avg_energies": 194.02619323730468, "std_energies": 10.487955829653325}, "10": {"avg_test_acc": 0.7484, "std_test_acc": 0.009210863151735572, "avg_energies": 239.5152114868164, "std_energies": 11.45343519007726}, "12": {"avg_test_acc": 0.7553, "std_test_acc": 0.011269871339105881, "avg_energies": 298.39544677734375, "std_energies": 17.42812984735107}, "14": {"avg_test_acc": 0.7587, "std_test_acc": 0.01840679222461102, "avg_energies": 354.5360504150391, "std_energies": 17.82915935699245}, "16": {"avg_test_acc": 0.7685000000000001, "std_test_acc": 0.015252868582663406, "avg_energies": 394.0608703613281, "std_energies": 33.972078688477}, "18": {"avg_test_acc": 0.7567999999999999, "std_test_acc": 0.02041470058560744, "avg_energies": 461.798291015625, "std_energies": 24.25884408499689}, "20": {"avg_test_acc": 0.7485999999999999, "std_test_acc": 0.028337960406493643, "avg_energies": 514.5700744628906, "std_energies": 42.44251256643182}}, "gin": {"2": {"avg_test_acc": 0.7785, "std_test_acc": 0.008333666660000273, "avg_energies": 29.677782249450683, "std_energies": 0.6900662143505784}, "4": {"avg_test_acc": 0.7824, "std_test_acc": 0.009068627239003715, "avg_energies": 54.08550682067871, "std_energies": 1.7314538367403436}, "6": {"avg_test_acc": 0.7681, "std_test_acc": 0.020930599609184655, "avg_energies": 81.6564956665039, "std_energies": 5.554713029898349}, "8": {"avg_test_acc": 0.7747000000000002, "std_test_acc": 0.00991009586230124, "avg_energies": 108.84882278442383, "std_energies": 9.059522838473958}, "10": {"avg_test_acc": 0.7742, "std_test_acc": 0.014197182819137054, "avg_energies": 134.95026931762695, "std_energies": 8.97206183100874}, "12": {"avg_test_acc": 0.7817999999999999, "std_test_acc": 0.010186265262597484, "avg_energies": 162.53987579345704, "std_energies": 10.410266787624847}, "14": {"avg_test_acc": 0.7774, "std_test_acc": 0.014115239990875123, "avg_energies": 195.24313507080078, "std_energies": 18.65426612371393}, "16": {"avg_test_acc": 0.7745000000000001, "std_test_acc": 0.015014992507490652, "avg_energies": 224.69731750488282, "std_energies": 37.376428502863}, "18": {"avg_test_acc": 0.7716000000000001, "std_test_acc": 0.013800000000000012, "avg_energies": 253.30168762207032, "std_energies": 19.755253332681566}, "20": {"avg_test_acc": 0.7739, "std_test_acc": 0.01450827350169552, "avg_energies": 283.8871871948242, "std_energies": 33.894426927921764}}, 
"kang": {"2": {"avg_test_acc": 0.7928999999999999, "std_test_acc": 0.00609015599143405, "avg_energies": 9.331533908843994, "std_energies": 0.4348707855179992}, "4": {"avg_test_acc": 0.7567999999999999, "std_test_acc": 0.09865576516352201, "avg_energies": 17.340413210261612, "std_energies": 6.448895649624361}, "6": {"avg_test_acc": 0.7812999999999999, "std_test_acc": 0.03331681257263364, "avg_energies": 26.79681327547878, "std_energies": 9.418758391204372}, "8": {"avg_test_acc": 0.7848999999999999, "std_test_acc": 0.007063285354564128, "avg_energies": 40.09386692047119, "std_energies": 6.357918250726469}, "10": {"avg_test_acc": 0.7343000000000001, "std_test_acc": 0.14010071377405614, "avg_energies": 41.57502067862079, "std_energies": 20.417950710380662}, "12": {"avg_test_acc": 0.7804, "std_test_acc": 0.015768322675541634, "avg_energies": 53.270088577270506, "std_energies": 5.194940889356882}, "14": {"avg_test_acc": 0.7842, "std_test_acc": 0.014253420642077479, "avg_energies": 60.931111907958986, "std_energies": 9.753167682467646}, "16": {"avg_test_acc": 0.7834, "std_test_acc": 0.00923255111006704, "avg_energies": 70.62163543701172, "std_energies": 10.203685496679268}, "18": {"avg_test_acc": 0.7891, "std_test_acc": 0.014038874598770384, "avg_energies": 76.8260009765625, "std_energies": 11.2641668358264}, "20": {"avg_test_acc": 0.7822, "std_test_acc": 0.009495261976375383, "avg_energies": 82.0888298034668, "std_energies": 8.120489438048443}}}