{"gcn": {"2": {"avg_test_acc": 0.757, "std_test_acc": 0.01648635799684092, "avg_energies": 39.85183906555176, "std_energies": 3.472803465746554}, "4": {"avg_test_acc": 0.7515, "std_test_acc": 0.01013163362938081, "avg_energies": 90.9997344970703, "std_energies": 6.415082205805384}, "6": {"avg_test_acc": 0.7545, "std_test_acc": 0.006561249880929706, "avg_energies": 166.92682952880858, "std_energies": 9.328476500655377}, "8": {"avg_test_acc": 0.7571, "std_test_acc": 0.011013173929435611, "avg_energies": 256.23309326171875, "std_energies": 14.256384625432508}, "10": {"avg_test_acc": 0.7528, "std_test_acc": 0.010235233265539198, "avg_energies": 348.3148559570312, "std_energies": 27.524246195554145}, "12": {"avg_test_acc": 0.7427, "std_test_acc": 0.012402015965156643, "avg_energies": 466.7815734863281, "std_energies": 34.12277621963321}, "14": {"avg_test_acc": 0.7481, "std_test_acc": 0.01264476176129864, "avg_energies": 586.5063934326172, "std_energies": 46.312577371005894}, "16": {"avg_test_acc": 0.7501, "std_test_acc": 0.01835456346525301, "avg_energies": 685.2175598144531, "std_energies": 43.568063813574355}, "18": {"avg_test_acc": 0.7467, "std_test_acc": 0.013054118124178298, "avg_energies": 791.2686706542969, "std_energies": 73.67437694475626}, "20": {"avg_test_acc": 0.7509, "std_test_acc": 0.01418062057880403, "avg_energies": 888.4655151367188, "std_energies": 75.77020126737708}}, "gat": {"2": {"avg_test_acc": 0.7432, "std_test_acc": 0.008219489035213814, "avg_energies": 19.66261386871338, "std_energies": 2.0260155958331763}, "4": {"avg_test_acc": 0.7564000000000001, "std_test_acc": 0.0211858443305902, "avg_energies": 53.699070358276366, "std_energies": 5.193117479609959}, "6": {"avg_test_acc": 0.7488999999999999, "std_test_acc": 0.012848735346328848, "avg_energies": 91.05079498291016, "std_energies": 10.29165911035419}, "8": {"avg_test_acc": 0.7505, "std_test_acc": 0.013980343343423306, "avg_energies": 119.76778030395508, "std_energies": 20.838162915159167}, "10": {"avg_test_acc": 0.7354999999999999, "std_test_acc": 0.03517740752244259, "avg_energies": 139.44014587402344, "std_energies": 37.236779733669216}, "12": {"avg_test_acc": 0.6999, "std_test_acc": 0.06710953732518203, "avg_energies": 149.96909408569337, "std_energies": 45.82702152342943}, "14": {"avg_test_acc": 0.6824999999999999, "std_test_acc": 0.06654359473307704, "avg_energies": 148.82469100952147, "std_energies": 41.982879648373014}, "16": {"avg_test_acc": 0.6617, "std_test_acc": 0.09028405174780316, "avg_energies": 142.31386432647705, "std_energies": 89.10560623530618}, "18": {"avg_test_acc": 0.6018, "std_test_acc": 0.1442739061646284, "avg_energies": 146.73551254272462, "std_energies": 70.85569228177287}, "20": {"avg_test_acc": 0.5713, "std_test_acc": 0.11042920809278675, "avg_energies": 74.13006057739258, "std_energies": 49.40249924004182}}, "sage": {"2": {"avg_test_acc": 0.7400999999999999, "std_test_acc": 0.020680667300645807, "avg_energies": 36.51568336486817, "std_energies": 2.4321517615436807}, "4": {"avg_test_acc": 0.7384000000000001, "std_test_acc": 0.014547852075134678, "avg_energies": 61.54140434265137, "std_energies": 4.7326781030015015}, "6": {"avg_test_acc": 0.7441, "std_test_acc": 0.026897769424247802, "avg_energies": 100.5483299255371, "std_energies": 13.275350670465377}, "8": {"avg_test_acc": 0.7512999999999999, "std_test_acc": 0.00718401002226473, "avg_energies": 122.15876693725586, "std_energies": 19.439795467535426}, "10": {"avg_test_acc": 0.7343, "std_test_acc": 0.021396495040076065, "avg_energies": 173.38839874267578, "std_energies": 22.448528447101918}, "12": {"avg_test_acc": 0.7463, "std_test_acc": 0.015640012787718573, "avg_energies": 195.86619567871094, "std_energies": 39.38913706926804}, "14": {"avg_test_acc": 0.7398, "std_test_acc": 0.02749836358767554, "avg_energies": 202.79070816040038, "std_energies": 39.45759190682408}, "16": {"avg_test_acc": 0.7444, "std_test_acc": 0.014595889832415164, "avg_energies": 271.48004760742185, "std_energies": 67.60254523949413}, "18": {"avg_test_acc": 0.7424000000000001, "std_test_acc": 0.01912694434560839, "avg_energies": 285.014714050293, "std_energies": 51.07304215147921}, "20": {"avg_test_acc": 0.7461, "std_test_acc": 0.01290310040261643, "avg_energies": 348.1663101196289, "std_energies": 70.13969131214898}}, "gin": {"2": {"avg_test_acc": 0.7592, "std_test_acc": 0.007909487973314082, "avg_energies": 23.736785697937012, "std_energies": 0.9349522309810344}, "4": {"avg_test_acc": 0.7602, "std_test_acc": 0.013869390758068659, "avg_energies": 39.777497100830075, "std_energies": 2.5454521186029684}, "6": {"avg_test_acc": 0.7656000000000001, "std_test_acc": 0.01050904372433573, "avg_energies": 56.75864524841309, "std_energies": 6.101377095133711}, "8": {"avg_test_acc": 0.7684, "std_test_acc": 0.008212186067059132, "avg_energies": 69.61999053955078, "std_energies": 6.028131578585233}, "10": {"avg_test_acc": 0.7567, "std_test_acc": 0.00646606526413089, "avg_energies": 92.5150260925293, "std_energies": 11.292817055289717}, "12": {"avg_test_acc": 0.7559999999999999, "std_test_acc": 0.012513992168768537, "avg_energies": 108.9385009765625, "std_energies": 9.154109339013688}, "14": {"avg_test_acc": 0.7584, "std_test_acc": 0.01387227450708788, "avg_energies": 126.6092155456543, "std_energies": 13.140781156741676}, "16": {"avg_test_acc": 0.7554, "std_test_acc": 0.014582180906846562, "avg_energies": 138.75688781738282, "std_energies": 21.372894600660423}, "18": {"avg_test_acc": 0.7582, "std_test_acc": 0.013782597723216054, "avg_energies": 146.28566513061523, "std_energies": 13.542229991241475}, "20": {"avg_test_acc": 0.7554000000000001, "std_test_acc": 0.01632298992219258, "avg_energies": 160.20546875, "std_energies": 25.279749612264155}}, "kang": {"2": {"avg_test_acc": 0.7565999999999999, "std_test_acc": 0.016900887550658415, "avg_energies": 9.071483659744263, "std_energies": 0.5821804352214348}, "4": {"avg_test_acc": 0.7651, "std_test_acc": 0.007892401408950266, "avg_energies": 18.643516540527344, "std_energies": 2.228455425460684}, "6": {"avg_test_acc": 0.7605000000000001, "std_test_acc": 0.012419742348374231, "avg_energies": 25.93073968887329, "std_energies": 6.493977169635771}, "8": {"avg_test_acc": 0.7403000000000001, "std_test_acc": 0.044389300512623533, "avg_energies": 27.34057025909424, "std_energies": 8.896442995094437}, "10": {"avg_test_acc": 0.7675, "std_test_acc": 0.008052949770115303, "avg_energies": 37.22108039855957, "std_energies": 7.4198634085406825}, "12": {"avg_test_acc": 0.7622, "std_test_acc": 0.011643023662262319, "avg_energies": 50.739432144165036, "std_energies": 10.577711831207536}, "14": {"avg_test_acc": 0.7333999999999998, "std_test_acc": 0.06135829202316507, "avg_energies": 48.596525001525876, "std_energies": 23.71765693753049}, "16": {"avg_test_acc": 0.7558, "std_test_acc": 0.014905032707109382, "avg_energies": 67.97887535095215, "std_energies": 15.537746942173069}, "18": {"avg_test_acc": 0.7628999999999999, "std_test_acc": 0.01268424219257896, "avg_energies": 69.11664276123047, "std_energies": 16.48596238021102}, "20": {"avg_test_acc": 0.7519, "std_test_acc": 0.031107716084598686, "avg_energies": 70.22306289672852, "std_energies": 22.43615209878131}}}