{"gcn": {"2": {"avg_test_acc": 0.6366000000000002, "std_test_acc": 0.014901006677402719, "avg_energies": 31.631968307495118, "std_energies": 0.7992241993906025}, "4": {"avg_test_acc": 0.6297999999999999, "std_test_acc": 0.012319090875547606, "avg_energies": 58.38261260986328, "std_energies": 3.39221550831192}, "6": {"avg_test_acc": 0.6338, "std_test_acc": 0.012262136844775475, "avg_energies": 96.71054229736328, "std_energies": 3.4545483064273954}, "8": {"avg_test_acc": 0.6336999999999999, "std_test_acc": 0.008149233092751743, "avg_energies": 138.77923126220702, "std_energies": 6.970261636553728}, "10": {"avg_test_acc": 0.6322, "std_test_acc": 0.008435638683585264, "avg_energies": 185.72030029296874, "std_energies": 10.838114495965977}, "12": {"avg_test_acc": 0.6279, "std_test_acc": 0.015089400253157857, "avg_energies": 224.93964080810548, "std_energies": 11.056710287657113}, "14": {"avg_test_acc": 0.6218, "std_test_acc": 0.008084553172563102, "avg_energies": 277.7756103515625, "std_energies": 8.721006954009466}, "16": {"avg_test_acc": 0.6262000000000001, "std_test_acc": 0.010077698149875306, "avg_energies": 325.1471374511719, "std_energies": 20.44525824793158}, "18": {"avg_test_acc": 0.6245999999999999, "std_test_acc": 0.013705473359209464, "avg_energies": 371.9781188964844, "std_energies": 11.751323231109195}, "20": {"avg_test_acc": 0.6293, "std_test_acc": 0.01103675676999363, "avg_energies": 420.3735687255859, "std_energies": 22.66422642291964}}, "gat": {"2": {"avg_test_acc": 0.6336, "std_test_acc": 0.01084619749036501, "avg_energies": 28.29875946044922, "std_energies": 2.0594036797074864}, "4": {"avg_test_acc": 0.6455, "std_test_acc": 0.010623088063270501, "avg_energies": 44.020233154296875, "std_energies": 3.047273410577541}, "6": {"avg_test_acc": 0.6433000000000001, "std_test_acc": 0.01058347768930422, "avg_energies": 62.971445846557614, "std_energies": 6.262550636934321}, "8": {"avg_test_acc": 0.6266, "std_test_acc": 0.014745846872933422, "avg_energies": 89.17958221435546, "std_energies": 4.1466429417222015}, "10": {"avg_test_acc": 0.6331, "std_test_acc": 0.012910848151845032, "avg_energies": 115.90144119262695, "std_energies": 9.58152223916284}, "12": {"avg_test_acc": 0.627, "std_test_acc": 0.01030533842239061, "avg_energies": 143.7510009765625, "std_energies": 16.75261219658476}, "14": {"avg_test_acc": 0.6181, "std_test_acc": 0.030569429173604144, "avg_energies": 169.72329559326172, "std_energies": 13.561374383679961}, "16": {"avg_test_acc": 0.6052000000000001, "std_test_acc": 0.022697136383253283, "avg_energies": 198.88112182617186, "std_energies": 22.544940548774587}, "18": {"avg_test_acc": 0.5886, "std_test_acc": 0.035612357405821915, "avg_energies": 232.12820892333986, "std_energies": 26.947883872351586}, "20": {"avg_test_acc": 0.5922, "std_test_acc": 0.039109589616870166, "avg_energies": 236.63942108154296, "std_energies": 25.740842341524495}}, "sage": {"2": {"avg_test_acc": 0.642, "std_test_acc": 0.006542170893518457, "avg_energies": 46.88105163574219, "std_energies": 2.126039529681043}, "4": {"avg_test_acc": 0.6456999999999999, "std_test_acc": 0.01196703806294608, "avg_energies": 73.39674072265625, "std_energies": 3.9048109963055064}, "6": {"avg_test_acc": 0.6119999999999999, "std_test_acc": 0.02887905815638731, "avg_energies": 105.61382751464843, "std_energies": 10.548775384590035}, "8": {"avg_test_acc": 0.6016, "std_test_acc": 0.029746260269149814, "avg_energies": 137.11310195922852, "std_energies": 11.485946123831491}, "10": {"avg_test_acc": 0.6167999999999999, "std_test_acc": 0.02256457400439904, "avg_energies": 173.56107177734376, "std_energies": 11.601922180867343}, "12": {"avg_test_acc": 0.6174000000000002, "std_test_acc": 0.0209007176910268, "avg_energies": 196.01963653564454, "std_energies": 16.7630440326366}, "14": {"avg_test_acc": 0.6066, "std_test_acc": 0.019443250757010793, "avg_energies": 235.29615325927733, "std_energies": 15.451682971217913}, "16": {"avg_test_acc": 0.6279, "std_test_acc": 0.013133544837552438, "avg_energies": 262.62036895751953, "std_energies": 17.077969816144535}, "18": {"avg_test_acc": 0.6205, "std_test_acc": 0.023728674636397225, "avg_energies": 285.78772125244143, "std_energies": 30.23753537912075}, "20": {"avg_test_acc": 0.6096999999999999, "std_test_acc": 0.017435882541471784, "avg_energies": 329.4082275390625, "std_energies": 30.90134079703861}}, "gin": {"2": {"avg_test_acc": 0.6424, "std_test_acc": 0.01011137972781164, "avg_energies": 21.032452011108397, "std_energies": 0.8111858973523889}, "4": {"avg_test_acc": 0.6433, "std_test_acc": 0.01763547561025788, "avg_energies": 35.13765811920166, "std_energies": 2.0648620699820177}, "6": {"avg_test_acc": 0.6351, "std_test_acc": 0.013171560272040677, "avg_energies": 51.305559158325195, "std_energies": 2.3154164404770246}, "8": {"avg_test_acc": 0.6228, "std_test_acc": 0.029684339305431746, "avg_energies": 71.47697143554687, "std_energies": 4.390626564214914}, "10": {"avg_test_acc": 0.6167, "std_test_acc": 0.026214690537940743, "avg_energies": 85.39625244140625, "std_energies": 5.805634757125377}, "12": {"avg_test_acc": 0.6236999999999999, "std_test_acc": 0.021028789789238958, "avg_energies": 103.95074157714843, "std_energies": 8.947488015382575}, "14": {"avg_test_acc": 0.6245999999999999, "std_test_acc": 0.02510059760244766, "avg_energies": 121.50448532104492, "std_energies": 6.419368805047015}, "16": {"avg_test_acc": 0.6127, "std_test_acc": 0.027597282474910483, "avg_energies": 140.99975662231446, "std_energies": 12.83456167776172}, "18": {"avg_test_acc": 0.607, "std_test_acc": 0.017093858546273294, "avg_energies": 164.0328842163086, "std_energies": 13.749516938351311}, "20": {"avg_test_acc": 0.6263, "std_test_acc": 0.01775978603474717, "avg_energies": 174.24057006835938, "std_energies": 8.385882582085635}}, "kang": {"2": {"avg_test_acc": 0.6474, "std_test_acc": 0.008296987405076624, "avg_energies": 6.055373573303223, "std_energies": 0.38988557205046237}, "4": {"avg_test_acc": 0.6268, "std_test_acc": 0.01905675733171834, "avg_energies": 10.719423389434814, "std_energies": 2.0418021056725193}, "6": {"avg_test_acc": 0.5826999999999999, "std_test_acc": 0.10056147373621771, "avg_energies": 13.393269380927086, "std_energies": 7.420458988892038}, "8": {"avg_test_acc": 0.6321000000000001, "std_test_acc": 0.018954946583939526, "avg_energies": 17.564651107788087, "std_energies": 4.756617055269638}, "10": {"avg_test_acc": 0.5868, "std_test_acc": 0.11061627366712369, "avg_energies": 22.481597349978983, "std_energies": 8.409077521650213}, "12": {"avg_test_acc": 0.5996, "std_test_acc": 0.01835864918778069, "avg_energies": 33.27375392913818, "std_energies": 5.077623405442074}, "14": {"avg_test_acc": 0.5362, "std_test_acc": 0.1837595167603572, "avg_energies": 29.916385123902, "std_energies": 15.712192523159114}, "16": {"avg_test_acc": 0.6224000000000001, "std_test_acc": 0.025024787711387306, "avg_energies": 49.00080795288086, "std_energies": 8.581366578207627}, "18": {"avg_test_acc": 0.5677000000000001, "std_test_acc": 0.13529083487065932, "avg_energies": 46.63172359173186, "std_energies": 21.13097403272956}, "20": {"avg_test_acc": 0.5072, "std_test_acc": 0.19167253324355057, "avg_energies": 42.26859904519515, "std_energies": 23.20373712389033}}}