{"gcn": {"2": {"avg_test_acc": 0.6381, "std_test_acc": 0.010709341716464192, "avg_energies": 10.954508781433105, "std_energies": 0.25635150630009684}, "4": {"avg_test_acc": 0.6157999999999999, "std_test_acc": 0.009097252332435335, "avg_energies": 7.774422645568848, "std_energies": 0.3585163271171096}, "6": {"avg_test_acc": 0.5568, "std_test_acc": 0.06702357794090076, "avg_energies": 6.865748739242553, "std_energies": 1.1418596270353714}, "8": {"avg_test_acc": 0.3498, "std_test_acc": 0.05365594095717641, "avg_energies": 2.7841437816619874, "std_energies": 0.4004214122812894}, "10": {"avg_test_acc": 0.3035, "std_test_acc": 0.009962429422585633, "avg_energies": 1.8874654650688172, "std_energies": 0.12110868348231393}, "12": {"avg_test_acc": 0.27620000000000006, "std_test_acc": 0.0424377190715995, "avg_energies": 1.3440923620015384, "std_energies": 0.650120603160625}, "14": {"avg_test_acc": 0.28609999999999997, "std_test_acc": 0.03750053332954079, "avg_energies": 1.1533842701930552, "std_energies": 0.42396174235969275}, "16": {"avg_test_acc": 0.21759999999999996, "std_test_acc": 0.055552137672640466, "avg_energies": 0.3477774077444337, "std_energies": 0.5281578731814321}, "18": {"avg_test_acc": 0.181, "std_test_acc": 0.0, "avg_energies": 0.003241717058699578, "std_energies": 0.001537420577678153}, "20": {"avg_test_acc": 0.1827, "std_test_acc": 0.005100000000000005, "avg_energies": 0.026306826423387976, "std_energies": 0.06994042213372599}}, "gat": {"2": {"avg_test_acc": 0.6264000000000001, "std_test_acc": 0.01661445154075212, "avg_energies": 11.807810211181641, "std_energies": 1.3189995291287335}, "4": {"avg_test_acc": 0.6012, "std_test_acc": 0.01899368316046155, "avg_energies": 8.177998304367065, "std_energies": 1.384965400745618}, "6": {"avg_test_acc": 0.4403, "std_test_acc": 0.10414321869425777, "avg_energies": 2.0989506244659424, "std_energies": 0.7698352594704624}, "8": {"avg_test_acc": 0.22469999999999998, "std_test_acc": 0.040430310411867974, "avg_energies": 0.32079838423214824, "std_energies": 0.6077798958604589}, "10": {"avg_test_acc": 0.231, "std_test_acc": 0.0, "avg_energies": 0.025841114025322298, "std_energies": 0.07340353034744534}, "12": {"avg_test_acc": 0.21680000000000002, "std_test_acc": 0.0284, "avg_energies": 1.268090579262804e-05, "std_energies": 2.9880869029371537e-05}, "14": {"avg_test_acc": 0.20850000000000005, "std_test_acc": 0.048676996620580455, "avg_energies": 1.6150598540029537e-06, "std_energies": 4.679087340262042e-06}, "16": {"avg_test_acc": 0.231, "std_test_acc": 0.0, "avg_energies": 5.220016934481819e-07, "std_energies": 1.3904144248064616e-06}, "18": {"avg_test_acc": 0.231, "std_test_acc": 0.0, "avg_energies": 3.9578253225348857e-07, "std_energies": 9.692307602114674e-07}, "20": {"avg_test_acc": 0.231, "std_test_acc": 0.0, "avg_energies": 3.5920914353659675e-08, "std_energies": 1.0209451606571159e-07}}, "sage": {"2": {"avg_test_acc": 0.6507000000000001, "std_test_acc": 0.009274157643689272, "avg_energies": 12.853293323516846, "std_energies": 1.518415482871939}, "4": {"avg_test_acc": 0.6205, "std_test_acc": 0.012823805987303469, "avg_energies": 8.317500448226928, "std_energies": 0.28469636488012906}, "6": {"avg_test_acc": 0.6076, "std_test_acc": 0.014671059948074657, "avg_energies": 7.413793087005615, "std_energies": 0.43475668296962555}, "8": {"avg_test_acc": 0.5972999999999999, "std_test_acc": 0.01591885674286946, "avg_energies": 7.1668726921081545, "std_energies": 0.6259426710531303}, "10": {"avg_test_acc": 0.5497, "std_test_acc": 0.07060601957340465, "avg_energies": 6.348448479175568, "std_energies": 1.8379800489156937}, "12": {"avg_test_acc": 0.4978000000000001, "std_test_acc": 0.14932970233680906, "avg_energies": 4.39629983978024, "std_energies": 1.7802115697944614}, "14": {"avg_test_acc": 0.3044, "std_test_acc": 0.12641930232365628, "avg_energies": 1.235483705990942, "std_energies": 1.4042848710997609}, "16": {"avg_test_acc": 0.2515, "std_test_acc": 0.07572218961440563, "avg_energies": 0.3700367867961449, "std_energies": 0.4361956584594495}, "18": {"avg_test_acc": 0.1748, "std_test_acc": 0.07070049504777177, "avg_energies": 0.08738954984629324, "std_energies": 0.18346493446998827}, "20": {"avg_test_acc": 0.20350000000000001, "std_test_acc": 0.06961501274868806, "avg_energies": 0.18801467429202764, "std_energies": 0.32533971098466613}}, "gin": {"2": {"avg_test_acc": 0.6465, "std_test_acc": 0.006391400472509924, "avg_energies": 7.0165934562683105, "std_energies": 0.21582119911347716}, "4": {"avg_test_acc": 0.6179, "std_test_acc": 0.018646447382812646, "avg_energies": 6.162375545501709, "std_energies": 0.15340779670111906}, "6": {"avg_test_acc": 0.576, "std_test_acc": 0.01670927885936432, "avg_energies": 6.124602031707764, "std_energies": 0.3526582875250774}, "8": {"avg_test_acc": 0.5805, "std_test_acc": 0.021336588293351853, "avg_energies": 6.263101530075073, "std_energies": 0.5422902337483378}, "10": {"avg_test_acc": 0.5628, "std_test_acc": 0.021673947494630474, "avg_energies": 6.091096544265747, "std_energies": 0.45632996594507985}, "12": {"avg_test_acc": 0.5843, "std_test_acc": 0.013950268814614303, "avg_energies": 5.413627862930298, "std_energies": 0.34724648543838627}, "14": {"avg_test_acc": 0.5769, "std_test_acc": 0.029837727795527583, "avg_energies": 4.503459095954895, "std_energies": 0.7255049122162236}, "16": {"avg_test_acc": 0.47809999999999997, "std_test_acc": 0.0967, "avg_energies": 2.5673667788505554, "std_energies": 1.1826151997935561}, "18": {"avg_test_acc": 0.42699999999999994, "std_test_acc": 0.11269960070914183, "avg_energies": 2.213479667901993, "std_energies": 1.3024069917048269}, "20": {"avg_test_acc": 0.33629999999999993, "std_test_acc": 0.09514940882632957, "avg_energies": 1.2482494151219725, "std_energies": 1.004755870795505}}, "kang": {"2": {"avg_test_acc": 0.6401, "std_test_acc": 0.008745856161634499, "avg_energies": 1.651201844215393, "std_energies": 0.10796173041606064}, "4": {"avg_test_acc": 0.5751999999999999, "std_test_acc": 0.13406401456020928, "avg_energies": 0.875654866565357, "std_energies": 0.30887371219356285}, "6": {"avg_test_acc": 0.255, "std_test_acc": 0.1524230953628747, "avg_energies": 0.15508847088830746, "std_energies": 0.3104687372460793}, "8": {"avg_test_acc": 0.1517, "std_test_acc": 0.03828851002585502, "avg_energies": 1.8531854531294265e-12, "std_energies": 1.5303661103558203e-12}, "10": {"avg_test_acc": 0.16459999999999997, "std_test_acc": 0.030744755650354418, "avg_energies": 1.0236305753768063e-13, "std_energies": 1.667121164261198e-14}, "12": {"avg_test_acc": 0.1537, "std_test_acc": 0.052573852816775755, "avg_energies": 7.957241941367824e-14, "std_energies": 2.874999086681837e-14}, "14": {"avg_test_acc": 0.1668, "std_test_acc": 0.03572058230208461, "avg_energies": 9.218415012455031e-14, "std_energies": 3.273209901023276e-14}, "16": {"avg_test_acc": 0.1842, "std_test_acc": 0.024322006496175438, "avg_energies": 8.944597822558697e-14, "std_energies": 3.8881866484772696e-14}, "18": {"avg_test_acc": 0.1571, "std_test_acc": 0.04062868444830573, "avg_energies": 8.45195922527086e-14, "std_energies": 2.4174724692739634e-14}, "20": {"avg_test_acc": 0.1547, "std_test_acc": 0.03948430067761109, "avg_energies": 8.653428349586229e-14, "std_energies": 4.285346514761608e-14}}}