{"gcn": {"2": {"avg_test_acc": 0.7646, "std_test_acc": 0.012831211945876364, "avg_energies": 15.000258827209473, "std_energies": 0.6550443953235635}, "4": {"avg_test_acc": 0.7670999999999999, "std_test_acc": 0.008455175929571197, "avg_energies": 11.800795459747315, "std_energies": 0.2563610957177923}, "6": {"avg_test_acc": 0.7077, "std_test_acc": 0.07918339472389396, "avg_energies": 11.07530460357666, "std_energies": 1.0162593335555263}, "8": {"avg_test_acc": 0.4816, "std_test_acc": 0.05710901855223919, "avg_energies": 8.286955547332763, "std_energies": 0.8904654952607831}, "10": {"avg_test_acc": 0.1981, "std_test_acc": 0.0347662192364945, "avg_energies": 4.533863067626953, "std_energies": 0.8649961610154698}, "12": {"avg_test_acc": 0.1947, "std_test_acc": 0.046389761801500985, "avg_energies": 3.1785855174064634, "std_energies": 0.8084778934303046}, "14": {"avg_test_acc": 0.13720000000000004, "std_test_acc": 0.045514393327825434, "avg_energies": 1.1853797557298094, "std_energies": 1.2071387652575611}, "16": {"avg_test_acc": 0.09129999999999999, "std_test_acc": 0.010090094152187081, "avg_energies": 0.03581327837891877, "std_energies": 0.0835136208691191}, "18": {"avg_test_acc": 0.0968, "std_test_acc": 0.0174, "avg_energies": 0.006334811239503324, "std_energies": 0.00351179765904643}, "20": {"avg_test_acc": 0.091, "std_test_acc": 0.0, "avg_energies": 0.006660408899188041, "std_energies": 0.0022072393824073997}}, "gat": {"2": {"avg_test_acc": 0.7727999999999999, "std_test_acc": 0.008806815542521607, "avg_energies": 15.599513530731201, "std_energies": 0.7290021692251906}, "4": {"avg_test_acc": 0.7643000000000002, "std_test_acc": 0.018401358645491386, "avg_energies": 12.029834651947022, "std_energies": 0.6345659119007642}, "6": {"avg_test_acc": 0.6480999999999999, "std_test_acc": 0.12780880251375487, "avg_energies": 7.240264415740967, "std_energies": 1.7076419150419218}, "8": {"avg_test_acc": 0.0859, "std_test_acc": 0.041699999999999994, "avg_energies": 0.6275699558941696, "std_energies": 0.8685650407671435}, "10": {"avg_test_acc": 0.06400000000000002, "std_test_acc": 1.3877787807814457e-17, "avg_energies": 2.8921333352194266e-06, "std_energies": 5.765023657794144e-06}, "12": {"avg_test_acc": 0.06400000000000002, "std_test_acc": 1.3877787807814457e-17, "avg_energies": 6.658464297804034e-05, "std_energies": 0.00018021221767633357}, "14": {"avg_test_acc": 0.06400000000000002, "std_test_acc": 1.3877787807814457e-17, "avg_energies": 4.53581846462256e-05, "std_energies": 0.00013515788934085978}, "16": {"avg_test_acc": 0.06400000000000002, "std_test_acc": 1.3877787807814457e-17, "avg_energies": 0.0002262686015980231, "std_energies": 0.0006786089565201631}, "18": {"avg_test_acc": 0.06400000000000002, "std_test_acc": 1.3877787807814457e-17, "avg_energies": 2.7776417969999077e-07, "std_energies": 7.476118405685277e-07}, "20": {"avg_test_acc": 0.06400000000000002, "std_test_acc": 1.3877787807814457e-17, "avg_energies": 3.57499936782797e-07, "std_energies": 8.819040307718282e-07}}, "sage": {"2": {"avg_test_acc": 0.7660000000000001, "std_test_acc": 0.020154403985233618, "avg_energies": 17.691536903381348, "std_energies": 1.999762739206776}, "4": {"avg_test_acc": 0.7644, "std_test_acc": 0.011385956261992236, "avg_energies": 11.576320934295655, "std_energies": 0.3230084611337501}, "6": {"avg_test_acc": 0.7538000000000001, "std_test_acc": 0.014469277798148751, "avg_energies": 10.63620367050171, "std_energies": 0.6041960049792506}, "8": {"avg_test_acc": 0.7611000000000001, "std_test_acc": 0.009853425800197622, "avg_energies": 10.242700290679931, "std_energies": 0.4725708290922718}, "10": {"avg_test_acc": 0.7365999999999999, "std_test_acc": 0.0218366664122526, "avg_energies": 9.850719165802001, "std_energies": 0.5040754453999219}, "12": {"avg_test_acc": 0.5058999999999999, "std_test_acc": 0.21991336930709782, "avg_energies": 5.641810465066783, "std_energies": 3.3254465653566405}, "14": {"avg_test_acc": 0.38029999999999997, "std_test_acc": 0.15505550619052522, "avg_energies": 2.894807280721881, "std_energies": 2.0349339241818005}, "16": {"avg_test_acc": 0.179, "std_test_acc": 0.08547163272103793, "avg_energies": 0.30738180768143836, "std_energies": 0.834451306593365}, "18": {"avg_test_acc": 0.1657, "std_test_acc": 0.09711750614590554, "avg_energies": 0.19260216961187537, "std_energies": 0.5778065085083829}, "20": {"avg_test_acc": 0.16139999999999996, "std_test_acc": 0.08257142362827469, "avg_energies": 3.2349662352839663e-11, "std_energies": 9.389341554597625e-11}}, "gin": {"2": {"avg_test_acc": 0.7855000000000001, "std_test_acc": 0.00616846820531646, "avg_energies": 9.966120338439941, "std_energies": 0.13356155616180418}, "4": {"avg_test_acc": 0.7634000000000001, "std_test_acc": 0.009961927524329827, "avg_energies": 8.917763042449952, "std_energies": 0.28982352298582204}, "6": {"avg_test_acc": 0.7592000000000001, "std_test_acc": 0.013021520648526434, "avg_energies": 9.280728626251221, "std_energies": 0.38762814002704876}, "8": {"avg_test_acc": 0.7695000000000001, "std_test_acc": 0.008212794895770875, "avg_energies": 8.84102554321289, "std_energies": 0.4806393158557592}, "10": {"avg_test_acc": 0.7518, "std_test_acc": 0.017440183485273326, "avg_energies": 9.00510115623474, "std_energies": 0.7709977812787197}, "12": {"avg_test_acc": 0.7323000000000001, "std_test_acc": 0.034997285609029725, "avg_energies": 9.190518188476563, "std_energies": 1.0281814257179556}, "14": {"avg_test_acc": 0.5493, "std_test_acc": 0.21690553243290037, "avg_energies": 5.872090606135316, "std_energies": 2.885538644487226}, "16": {"avg_test_acc": 0.44769999999999993, "std_test_acc": 0.16271450457780337, "avg_energies": 5.729261627141386, "std_energies": 3.362633615192751}, "18": {"avg_test_acc": 0.12830000000000003, "std_test_acc": 0.08948525018124495, "avg_energies": 0.21011599493212998, "std_energies": 0.4041224784900416}, "20": {"avg_test_acc": 0.1354, "std_test_acc": 0.04107846150965248, "avg_energies": 0.34184990273788574, "std_energies": 0.5689944621624271}}, "kang": {"2": {"avg_test_acc": 0.7977000000000001, "std_test_acc": 0.011627983488120382, "avg_energies": 2.7237999200820924, "std_energies": 0.0650776044654885}, "4": {"avg_test_acc": 0.7726, "std_test_acc": 0.009264987857520383, "avg_energies": 2.2120880007743837, "std_energies": 0.11805837331925027}, "6": {"avg_test_acc": 0.27690000000000003, "std_test_acc": 0.22778474487989753, "avg_energies": 0.42592907013376397, "std_energies": 0.73101233346327}, "8": {"avg_test_acc": 0.1111, "std_test_acc": 0.023062740513651016, "avg_energies": 9.381506900648339e-10, "std_energies": 1.648760430020862e-09}, "10": {"avg_test_acc": 0.1344, "std_test_acc": 0.06561889971646888, "avg_energies": 3.1028938438288667e-13, "std_energies": 4.901786722808648e-13}, "12": {"avg_test_acc": 0.13829999999999998, "std_test_acc": 0.064067230313164, "avg_energies": 1.1545528598379435e-13, "std_energies": 2.809587080874185e-14}, "14": {"avg_test_acc": 0.1258, "std_test_acc": 0.07022364274231294, "avg_energies": 1.2134514923369152e-13, "std_energies": 3.284520651927773e-14}, "16": {"avg_test_acc": 0.13169999999999998, "std_test_acc": 0.06786906511806391, "avg_energies": 1.0615271275925612e-13, "std_energies": 2.996070331934932e-14}, "18": {"avg_test_acc": 0.178, "std_test_acc": 0.0962309721451467, "avg_energies": 1.3718976245281032e-13, "std_energies": 3.681393795012668e-14}, "20": {"avg_test_acc": 0.12899999999999998, "std_test_acc": 0.06685805860178712, "avg_energies": 1.1977294630811757e-13, "std_energies": 3.03265820831309e-14}}}