{"gcn": {"2": {"avg_test_acc": 0.7474999999999999, "std_test_acc": 0.016076380189582493, "avg_energies": 14.97064790725708, "std_energies": 1.000383119546099}, "4": {"avg_test_acc": 0.7506999999999999, "std_test_acc": 0.014100000000000012, "avg_energies": 12.92521686553955, "std_energies": 1.1041338408257562}, "6": {"avg_test_acc": 0.7424999999999999, "std_test_acc": 0.01593894601283286, "avg_energies": 12.012422370910645, "std_energies": 1.428524873153777}, "8": {"avg_test_acc": 0.5479, "std_test_acc": 0.16029313771961667, "avg_energies": 6.091187685169279, "std_energies": 3.039396099784141}, "10": {"avg_test_acc": 0.21190000000000003, "std_test_acc": 0.0957, "avg_energies": 0.7067714740987867, "std_energies": 2.098523452717468}, "12": {"avg_test_acc": 0.2273, "std_test_acc": 0.14190000000000003, "avg_energies": 0.4255006859311834, "std_energies": 1.2557883247229646}, "14": {"avg_test_acc": 0.17809999999999998, "std_test_acc": 0.005699999999999997, "avg_energies": 0.01046914813341573, "std_energies": 0.013896087128596461}, "16": {"avg_test_acc": 0.18, "std_test_acc": 0.0, "avg_energies": 0.005541820311918855, "std_energies": 0.0018289859483291769}, "18": {"avg_test_acc": 0.18, "std_test_acc": 0.0, "avg_energies": 0.007246436201967299, "std_energies": 0.005509582196777906}, "20": {"avg_test_acc": 0.18, "std_test_acc": 0.0, "avg_energies": 0.008303317450918257, "std_energies": 0.004264372525141113}}, "gat": {"2": {"avg_test_acc": 0.7556, "std_test_acc": 0.009382963284591928, "avg_energies": 10.613458347320556, "std_energies": 1.532133846361708}, "4": {"avg_test_acc": 0.733, "std_test_acc": 0.07200694410957877, "avg_energies": 8.336286878585815, "std_energies": 2.1503209508141485}, "6": {"avg_test_acc": 0.42379999999999995, "std_test_acc": 0.10807571420073986, "avg_energies": 0.7684427896205477, "std_energies": 1.4086571941948354}, "8": {"avg_test_acc": 0.34519999999999995, "std_test_acc": 0.09142406685331822, "avg_energies": 0.00018678757064023445, "std_energies": 0.0004413373893584668}, "10": {"avg_test_acc": 0.38669999999999993, "std_test_acc": 0.06895803071434102, "avg_energies": 5.8559551652237474e-08, "std_energies": 7.037371488813674e-08}, "12": {"avg_test_acc": 0.3174, "std_test_acc": 0.11220802110366263, "avg_energies": 7.2815774278922605e-06, "std_energies": 2.0208606615542896e-05}, "14": {"avg_test_acc": 0.40879999999999994, "std_test_acc": 0.0027495454169735064, "avg_energies": 4.806043206295741e-07, "std_energies": 8.827413707328885e-07}, "16": {"avg_test_acc": 0.34009999999999996, "std_test_acc": 0.10483458398830034, "avg_energies": 5.108489179866948e-08, "std_energies": 1.3181443604569667e-07}, "18": {"avg_test_acc": 0.3449, "std_test_acc": 0.09828880912901528, "avg_energies": 0.029038659835540964, "std_energies": 0.08711597584860732}, "20": {"avg_test_acc": 0.318, "std_test_acc": 0.11270048802023883, "avg_energies": 7.294759247664876e-10, "std_energies": 5.585284575860303e-10}}, "sage": {"2": {"avg_test_acc": 0.7368, "std_test_acc": 0.016479077644091625, "avg_energies": 14.521533203125, "std_energies": 1.5929095063535548}, "4": {"avg_test_acc": 0.7460000000000001, "std_test_acc": 0.012328828005937964, "avg_energies": 13.162364482879639, "std_energies": 1.3826733441960701}, "6": {"avg_test_acc": 0.75, "std_test_acc": 0.02280350850198278, "avg_energies": 11.573318672180175, "std_energies": 1.8586526457767185}, "8": {"avg_test_acc": 0.7040999999999998, "std_test_acc": 0.08362230563671394, "avg_energies": 8.116010999679565, "std_energies": 3.223707987589961}, "10": {"avg_test_acc": 0.5559999999999999, "std_test_acc": 0.16176155291044902, "avg_energies": 2.2315194615091025, "std_energies": 2.4671017648835822}, "12": {"avg_test_acc": 0.3781, "std_test_acc": 0.16054933821103093, "avg_energies": 0.5598822597103907, "std_energies": 1.1568577516565648}, "14": {"avg_test_acc": 0.29529999999999995, "std_test_acc": 0.11531873221640966, "avg_energies": 9.419911492478702e-11, "std_energies": 2.2872299338000318e-10}, "16": {"avg_test_acc": 0.3424999999999999, "std_test_acc": 0.1063957235982725, "avg_energies": 1.0477425711427104e-11, "std_energies": 1.9703920850700555e-11}, "18": {"avg_test_acc": 0.2714, "std_test_acc": 0.1119537404466684, "avg_energies": 1.2391939620501357e-11, "std_energies": 3.488775616635116e-11}, "20": {"avg_test_acc": 0.3174, "std_test_acc": 0.11220802110366263, "avg_energies": 1.117280168766953e-11, "std_energies": 3.052028768903949e-11}}, "gin": {"2": {"avg_test_acc": 0.7607999999999999, "std_test_acc": 0.00868101376568429, "avg_energies": 9.98980255126953, "std_energies": 0.6079802773305651}, "4": {"avg_test_acc": 0.7512000000000001, "std_test_acc": 0.016587947431795185, "avg_energies": 9.67392702102661, "std_energies": 0.5477075037884633}, "6": {"avg_test_acc": 0.7452, "std_test_acc": 0.03285970176371052, "avg_energies": 8.919813346862792, "std_energies": 0.9410746920954998}, "8": {"avg_test_acc": 0.7533999999999998, "std_test_acc": 0.010734989520255724, "avg_energies": 8.412048244476319, "std_energies": 1.1869669374785032}, "10": {"avg_test_acc": 0.7505999999999999, "std_test_acc": 0.013222707740852489, "avg_energies": 5.345451736450196, "std_energies": 1.4192920589366893}, "12": {"avg_test_acc": 0.7302, "std_test_acc": 0.033852030958274874, "avg_energies": 4.815451073646545, "std_energies": 1.183527230938176}, "14": {"avg_test_acc": 0.43499999999999994, "std_test_acc": 0.18215762405125954, "avg_energies": 1.2812505091074855, "std_energies": 1.9231758570823458}, "16": {"avg_test_acc": 0.5053, "std_test_acc": 0.12640810891711024, "avg_energies": 1.2814961169147865, "std_energies": 1.31657753328026}, "18": {"avg_test_acc": 0.335, "std_test_acc": 0.16574981146293954, "avg_energies": 0.4037840271528694, "std_energies": 1.194946256118027}, "20": {"avg_test_acc": 0.25070000000000003, "std_test_acc": 0.07903423308921267, "avg_energies": 0.012862459360621869, "std_energies": 0.011111978209764376}}, "kang": {"2": {"avg_test_acc": 0.7731, "std_test_acc": 0.004482186966202998, "avg_energies": 2.504473614692688, "std_energies": 0.06343302893739261}, "4": {"avg_test_acc": 0.7162000000000001, "std_test_acc": 0.06291231993814883, "avg_energies": 1.5005128979682922, "std_energies": 0.5682118988108602}, "6": {"avg_test_acc": 0.5393000000000001, "std_test_acc": 0.2368083824529867, "avg_energies": 0.8366795964653061, "std_energies": 0.8607399750783135}, "8": {"avg_test_acc": 0.3395, "std_test_acc": 0.10443203531484005, "avg_energies": 6.966765837184211e-10, "std_energies": 1.4343753733135571e-09}, "10": {"avg_test_acc": 0.31859999999999994, "std_test_acc": 0.11318763183316452, "avg_energies": 5.833868338498555e-12, "std_energies": 1.6283586938192125e-11}, "12": {"avg_test_acc": 0.3413, "std_test_acc": 0.1056248550294863, "avg_energies": 2.2566316220176686e-13, "std_energies": 1.0689801782044685e-13}, "14": {"avg_test_acc": 0.31799999999999995, "std_test_acc": 0.11270048802023884, "avg_energies": 1.4266430511987795e-13, "std_energies": 2.6192419161076202e-14}, "16": {"avg_test_acc": 0.3645999999999999, "std_test_acc": 0.09233655830709742, "avg_energies": 1.6723541564696472e-13, "std_energies": 4.3217767487478366e-14}, "18": {"avg_test_acc": 0.3395, "std_test_acc": 0.10443203531484005, "avg_energies": 1.674192204412662e-13, "std_energies": 4.9223763434300324e-14}, "20": {"avg_test_acc": 0.3407, "std_test_acc": 0.10523217188673814, "avg_energies": 1.566561028847665e-13, "std_energies": 4.5077000433761605e-14}}}