{"total_parameters": 366746, "trainable_parameters": 366746, "flops": 2414756562, "macs": 1207378281, "avg_inference_time_ms": 4.9518592834472654, "max_memory_mb": 776.5986328125}